,HDFS,Hadoop,Spark,Zookeeper,BGL,HPC,Thunderbird,Windows,Linux,Android,HealthApp,Apache,Proxifier,OpenSSH,OpenStack,Mac,Average
Group Accuracy,1.0,0.9935,0.999,0.9935,0.9535,0.943,0.679,0.991,0.9335,0.8845,1.0,1.0,1.0,0.6275,0.989,0.78,0.9229375
Parsing Accuracy,0.9025,0.895,0.991,0.9895,0.9695,0.947,0.9255,0.983,0.9485,0.7665,0.7885,0.994,1.0,0.9795,0.9065,0.6725,0.9161874999999999
Edit distance,0.27,0.882,0.1665,0.3375,0.2325,1.1465,0.8565,0.461,0.2785,1.1425,2.536,0.024,0.0,0.0965,0.7875,8.856,1.12959375
unseen_PA,1.0,0.5217391304347826,0.3684210526315789,0.7894736842105263,0.5909090909090909,0.9,0.5473684210526316,0.65,0.47368421052631576,0.5882352941176471,0.8709677419354839,0.0,0.0,0.6,0.0,0.48148148148148145,0.5987342933785385
no_unseen,2.0,69.0,19.0,19.0,44.0,10.0,95.0,20.0,95.0,51.0,31.0,0.0,0.0,5.0,2.0,135.0,42.642857142857146
